<?xml version="1.0" encoding="UTF-8"?>
<GenRun Id="impl_1" LaunchPart="xc7a100tcsg324-1" LaunchTime="1544687594">
  <File Type="PWROPT-DRC" Name="master_drc_pwropted.rpt"/>
  <File Type="OPT-METHODOLOGY-DRC" Name="master_methodology_drc_opted.rpt"/>
  <File Type="INIT-TIMING" Name="master_timing_summary_init.rpt"/>
  <File Type="ROUTE-PWR-RPX" Name="master_power_routed.rpx"/>
  <File Type="PA-TCL" Name="master.tcl"/>
  <File Type="OPT-HWDEF" Name="master.hwdef"/>
  <File Type="RDI-RDI" Name="master.vdi"/>
  <File Type="OPT-DCP" Name="master_opt.dcp"/>
  <File Type="OPT-DRC" Name="master_drc_opted.rpt"/>
  <File Type="OPT-TIMING" Name="master_timing_summary_opted.rpt"/>
  <File Type="PWROPT-DCP" Name="master_pwropt.dcp"/>
  <File Type="PWROPT-TIMING" Name="master_timing_summary_pwropted.rpt"/>
  <File Type="PLACE-DCP" Name="master_placed.dcp"/>
  <File Type="PLACE-IO" Name="master_io_placed.rpt"/>
  <File Type="PLACE-CLK" Name="master_clock_utilization_placed.rpt"/>
  <File Type="PLACE-UTIL" Name="master_utilization_placed.rpt"/>
  <File Type="PLACE-UTIL-PB" Name="master_utilization_placed.pb"/>
  <File Type="PLACE-CTRL" Name="master_control_sets_placed.rpt"/>
  <File Type="PLACE-SIMILARITY" Name="master_incremental_reuse_placed.rpt"/>
  <File Type="PLACE-PRE-SIMILARITY" Name="master_incremental_reuse_pre_placed.rpt"/>
  <File Type="PLACE-TIMING" Name="master_timing_summary_placed.rpt"/>
  <File Type="POSTPLACE-PWROPT-DCP" Name="master_postplace_pwropt.dcp"/>
  <File Type="POSTPLACE-PWROPT-TIMING" Name="master_timing_summary_postplace_pwropted.rpt"/>
  <File Type="PHYSOPT-DCP" Name="master_physopt.dcp"/>
  <File Type="PHYSOPT-DRC" Name="master_drc_physopted.rpt"/>
  <File Type="PHYSOPT-TIMING" Name="master_timing_summary_physopted.rpt"/>
  <File Type="ROUTE-ERROR-DCP" Name="master_routed_error.dcp"/>
  <File Type="ROUTE-DCP" Name="master_routed.dcp"/>
  <File Type="ROUTE-BLACKBOX-DCP" Name="master_routed_bb.dcp"/>
  <File Type="ROUTE-DRC" Name="master_drc_routed.rpt"/>
  <File Type="ROUTE-DRC-PB" Name="master_drc_routed.pb"/>
  <File Type="BG-BIN" Name="master.bin"/>
  <File Type="ROUTE-DRC-RPX" Name="master_drc_routed.rpx"/>
  <File Type="BG-DRC" Name="master.drc"/>
  <File Type="ROUTE-METHODOLOGY-DRC" Name="master_methodology_drc_routed.rpt"/>
  <File Type="BITSTR-MSK" Name="master.msk"/>
  <File Type="ROUTE-METHODOLOGY-DRC-RPX" Name="master_methodology_drc_routed.rpx"/>
  <File Type="BG-BGN" Name="master.bgn"/>
  <File Type="ROUTE-METHODOLOGY-DRC-PB" Name="master_methodology_drc_routed.pb"/>
  <File Type="ROUTE-PWR" Name="master_power_routed.rpt"/>
  <File Type="ROUTE-PWR-SUM" Name="master_power_summary_routed.pb"/>
  <File Type="ROUTE-STATUS" Name="master_route_status.rpt"/>
  <File Type="ROUTE-STATUS-PB" Name="master_route_status.pb"/>
  <File Type="ROUTE-TIMINGSUMMARY" Name="master_timing_summary_routed.rpt"/>
  <File Type="ROUTE-TIMING-PB" Name="master_timing_summary_routed.pb"/>
  <File Type="ROUTE-TIMING-RPX" Name="master_timing_summary_routed.rpx"/>
  <File Type="ROUTE-SIMILARITY" Name="master_incremental_reuse_routed.rpt"/>
  <File Type="ROUTE-CLK" Name="master_clock_utilization_routed.rpt"/>
  <File Type="POSTROUTE-PHYSOPT-DCP" Name="master_postroute_physopt.dcp"/>
  <File Type="POSTROUTE-PHYSOPT-BLACKBOX-DCP" Name="master_postroute_physopt_bb.dcp"/>
  <File Type="POSTROUTE-PHYSOPT-TIMING" Name="master_timing_summary_postroute_physopted.rpt"/>
  <File Type="POSTROUTE-PHYSOPT-TIMING-PB" Name="master_timing_summary_postroute_physopted.pb"/>
  <File Type="POSTROUTE-PHYSOPT-TIMING-RPX" Name="master_timing_summary_postroute_physopted.rpx"/>
  <File Type="BG-BIT" Name="master.bit"/>
  <File Type="BITSTR-RBT" Name="master.rbt"/>
  <File Type="BITSTR-NKY" Name="master.nky"/>
  <File Type="BITSTR-BMM" Name="master_bd.bmm"/>
  <File Type="BITSTR-MMI" Name="master.mmi"/>
  <File Type="BITSTR-SYSDEF" Name="master.sysdef"/>
  <File Type="WBT-USG" Name="usage_statistics_webtalk.html"/>
  <FileSet Name="sources" Type="DesignSrcs" RelSrcDir="$PSRCDIR/sources_1">
    <Filter Type="Srcs"/>
    <File Path="$PSRCDIR/sources_1/new/axi_reset_generator.v">
      <FileInfo>
        <Attr Name="ImportPath" Val="D:/remote_display/remote_display.srcs/sources_1/new/axi_reset_generator.v"/>
        <Attr Name="ImportTime" Val="1544627078"/>
        <Attr Name="UsedIn" Val="synthesis"/>
        <Attr Name="UsedIn" Val="implementation"/>
        <Attr Name="UsedIn" Val="simulation"/>
      </FileInfo>
    </File>
    <File Path="$PSRCDIR/sources_1/bd/design_1/design_1.bd">
      <FileInfo>
        <Attr Name="ImportPath" Val="D:/remote_display/remote_display.srcs/sources_1/bd/design_1/design_1.bd"/>
        <Attr Name="ImportTime" Val="1544687587"/>
        <Attr Name="UsedIn" Val="synthesis"/>
        <Attr Name="UsedIn" Val="implementation"/>
        <Attr Name="UsedIn" Val="simulation"/>
      </FileInfo>
    </File>
    <File Path="$PSRCDIR/sources_1/new/master.v">
      <FileInfo>
        <Attr Name="ImportPath" Val="D:/remote_display/remote_display.srcs/sources_1/new/master.v"/>
        <Attr Name="ImportTime" Val="1544686068"/>
        <Attr Name="UsedIn" Val="synthesis"/>
        <Attr Name="UsedIn" Val="implementation"/>
        <Attr Name="UsedIn" Val="simulation"/>
      </FileInfo>
    </File>
    <File Path="$PSRCDIR/sources_1/imports/coes/data.coe">
      <FileInfo>
        <Attr Name="ImportPath" Val="D:/remote_display/coes/data.coe"/>
        <Attr Name="ImportTime" Val="1544683696"/>
        <Attr Name="UsedIn" Val="synthesis"/>
        <Attr Name="UsedIn" Val="simulation"/>
      </FileInfo>
    </File>
    <File Path="$PSRCDIR/sources_1/imports/coes/addr.coe">
      <FileInfo>
        <Attr Name="ImportPath" Val="D:/remote_display/coes/addr.coe"/>
        <Attr Name="ImportTime" Val="1544683696"/>
        <Attr Name="UsedIn" Val="synthesis"/>
        <Attr Name="UsedIn" Val="simulation"/>
      </FileInfo>
    </File>
    <File Path="$PSRCDIR/sources_1/imports/coes/mask.coe">
      <FileInfo>
        <Attr Name="ImportPath" Val="D:/remote_display/coes/mask.coe"/>
        <Attr Name="ImportTime" Val="1544683696"/>
        <Attr Name="UsedIn" Val="synthesis"/>
        <Attr Name="UsedIn" Val="simulation"/>
      </FileInfo>
    </File>
    <File Path="$PSRCDIR/sources_1/imports/coes/ctrl.coe">
      <FileInfo>
        <Attr Name="ImportPath" Val="D:/remote_display/coes/ctrl.coe"/>
        <Attr Name="ImportTime" Val="1544683696"/>
        <Attr Name="UsedIn" Val="synthesis"/>
        <Attr Name="UsedIn" Val="simulation"/>
      </FileInfo>
    </File>
    <Config>
      <Option Name="DesignMode" Val="RTL"/>
      <Option Name="TopModule" Val="master"/>
      <Option Name="TopAutoSet" Val="TRUE"/>
    </Config>
  </FileSet>
  <FileSet Name="constrs_in" Type="Constrs" RelSrcDir="$PSRCDIR/constrs_1">
    <Filter Type="Constrs"/>
    <File Path="$PSRCDIR/constrs_1/imports/Dev Constraints/Nexys4DDR_Master.xdc">
      <FileInfo>
        <Attr Name="ImportPath" Val="D:/seq_detect/seq_detect.srcs/constrs_1/imports/Dev Constraints/Nexys4DDR_Master.xdc"/>
        <Attr Name="ImportTime" Val="1543565953"/>
        <Attr Name="UsedIn" Val="synthesis"/>
        <Attr Name="UsedIn" Val="implementation"/>
      </FileInfo>
    </File>
    <Config>
      <Option Name="ConstrsType" Val="XDC"/>
    </Config>
  </FileSet>
  <Strategy Version="1" Minor="2">
    <StratHandle Name="Vivado Implementation Defaults" Flow="Vivado Implementation 2017"/>
    <Step Id="init_design"/>
    <Step Id="opt_design"/>
    <Step Id="power_opt_design"/>
    <Step Id="place_design"/>
    <Step Id="post_place_power_opt_design"/>
    <Step Id="phys_opt_design"/>
    <Step Id="route_design"/>
    <Step Id="post_route_phys_opt_design"/>
    <Step Id="write_bitstream"/>
  </Strategy>
  <BlockFileSet Type="BlockSrcs" Name="design_1_axi_ethernetlite_0_0"/>
  <BlockFileSet Type="BlockSrcs" Name="design_1_axi_traffic_gen_0_0"/>
  <BlockFileSet Type="BlockSrcs" Name="design_1_clk_wiz_0_0"/>
  <BlockFileSet Type="BlockSrcs" Name="design_1_axi_reset_generator_0_0"/>
</GenRun>
