<?xml version="1.0" encoding="UTF-8" ?>
<webTalkData  fileName='usage_statistics_webtalk.xml'  majorVersion='1' minorVersion='0' timeStamp='Thu Dec 13 15:59:50 2018'>
<section name="__ROOT__" level="0" order="1" description="">
 <section name="software_version_and_target_device" level="1" order="1" description="">
  <keyValuePair key="beta" value="FALSE" description="" />
  <keyValuePair key="build_version" value="1846317" description="" />
  <keyValuePair key="date_generated" value="Thu Dec 13 15:59:49 2018" description="" />
  <keyValuePair key="os_platform" value="WIN64" description="" />
  <keyValuePair key="product_version" value="Vivado v2017.1 (64-bit)" description="" />
  <keyValuePair key="project_id" value="2cf7039ec59c475580df903624a4a096" description="" />
  <keyValuePair key="project_iteration" value="2" description="" />
  <keyValuePair key="random_id" value="d0115ff49b135324a0af504aebd19ce5" description="" />
  <keyValuePair key="registration_id" value="d0115ff49b135324a0af504aebd19ce5" description="" />
  <keyValuePair key="route_design" value="TRUE" description="" />
  <keyValuePair key="target_device" value="xc7a100t" description="" />
  <keyValuePair key="target_family" value="artix7" description="" />
  <keyValuePair key="target_package" value="csg324" description="" />
  <keyValuePair key="target_speed" value="-1" description="" />
  <keyValuePair key="tool_flow" value="Vivado" description="" />
 </section>
 <section name="user_environment" level="1" order="2" description="">
  <keyValuePair key="cpu_name" value="Intel(R) Core(TM) i5-3210M CPU @ 2.50GHz" description="" />
  <keyValuePair key="cpu_speed" value="2494 MHz" description="" />
  <keyValuePair key="os_name" value="Microsoft Windows 7 , 64-bit" description="" />
  <keyValuePair key="os_release" value="Service Pack 1  (build 7601)" description="" />
  <keyValuePair key="system_ram" value="8.000 GB" description="" />
  <keyValuePair key="total_processors" value="1" description="" />
 </section>
 <section name="ip_statistics" level="1" order="3" description="">
  <section name="IP_Integrator/1" level="2" order="1" description="">
   <keyValuePair key="bdsource" value="USER" description="" />
   <keyValuePair key="core_container" value="NA" description="" />
   <keyValuePair key="iptotal" value="1" description="" />
   <keyValuePair key="maxhierdepth" value="0" description="" />
   <keyValuePair key="numblks" value="5" description="" />
   <keyValuePair key="numhdlrefblks" value="1" description="" />
   <keyValuePair key="numhierblks" value="0" description="" />
   <keyValuePair key="numhlsblks" value="0" description="" />
   <keyValuePair key="numnonxlnxblks" value="0" description="" />
   <keyValuePair key="numpkgbdblks" value="0" description="" />
   <keyValuePair key="numreposblks" value="5" description="" />
   <keyValuePair key="numsysgenblks" value="0" description="" />
   <keyValuePair key="synth_mode" value="OOC_per_IP" description="" />
   <keyValuePair key="x_iplanguage" value="VERILOG" description="" />
   <keyValuePair key="x_iplibrary" value="BlockDiagram" description="" />
   <keyValuePair key="x_ipname" value="design_1" description="" />
   <keyValuePair key="x_ipvendor" value="xilinx.com" description="" />
   <keyValuePair key="x_ipversion" value="1.00.a" description="" />
  </section>
  <section name="axi_ethernetlite/1" level="2" order="2" description="">
   <keyValuePair key="c_duplex" value="1" description="" />
   <keyValuePair key="c_family" value="artix7" description="" />
   <keyValuePair key="c_include_global_buffers" value="1" description="" />
   <keyValuePair key="c_include_internal_loopback" value="0" description="" />
   <keyValuePair key="c_include_mdio" value="1" description="" />
   <keyValuePair key="c_instance" value="axi_ethernetlite_inst" description="" />
   <keyValuePair key="c_rx_ping_pong" value="0" description="" />
   <keyValuePair key="c_s_axi_aclk_period_ps" value="12500" description="" />
   <keyValuePair key="c_s_axi_addr_width" value="13" description="" />
   <keyValuePair key="c_s_axi_data_width" value="32" description="" />
   <keyValuePair key="c_s_axi_id_width" value="1" description="" />
   <keyValuePair key="c_s_axi_protocol" value="AXI4LITE" description="" />
   <keyValuePair key="c_select_xpm" value="1" description="" />
   <keyValuePair key="c_tx_ping_pong" value="0" description="" />
   <keyValuePair key="core_container" value="NA" description="" />
   <keyValuePair key="iptotal" value="1" description="" />
   <keyValuePair key="x_ipcorerevision" value="10" description="" />
   <keyValuePair key="x_iplanguage" value="VERILOG" description="" />
   <keyValuePair key="x_iplibrary" value="ip" description="" />
   <keyValuePair key="x_ipname" value="axi_ethernetlite" description="" />
   <keyValuePair key="x_ipproduct" value="Vivado 2017.1" description="" />
   <keyValuePair key="x_ipsimlanguage" value="MIXED" description="" />
   <keyValuePair key="x_ipvendor" value="xilinx.com" description="" />
   <keyValuePair key="x_ipversion" value="3.0" description="" />
  </section>
  <section name="axi_reset_generator/1" level="2" order="3" description="">
   <keyValuePair key="core_container" value="NA" description="" />
   <keyValuePair key="iptotal" value="1" description="" />
   <keyValuePair key="x_ipcorerevision" value="1" description="" />
   <keyValuePair key="x_iplanguage" value="VERILOG" description="" />
   <keyValuePair key="x_iplibrary" value="module_ref" description="" />
   <keyValuePair key="x_ipname" value="axi_reset_generator" description="" />
   <keyValuePair key="x_ipproduct" value="Vivado 2017.1" description="" />
   <keyValuePair key="x_ipsimlanguage" value="MIXED" description="" />
   <keyValuePair key="x_ipvendor" value="xilinx.com" description="" />
   <keyValuePair key="x_ipversion" value="1.0" description="" />
  </section>
  <section name="axi_traffic_gen_v2_0_13_top/1" level="2" order="4" description="">
   <keyValuePair key="c_atg_basic_axi4" value="0" description="" />
   <keyValuePair key="c_atg_hltp_mode" value="0" description="" />
   <keyValuePair key="c_atg_mif_addr_bits" value="5" description="" />
   <keyValuePair key="c_atg_mif_data_depth" value="32" description="" />
   <keyValuePair key="c_atg_repeat_type" value="0" description="" />
   <keyValuePair key="c_atg_slave_only" value="0" description="" />
   <keyValuePair key="c_atg_static" value="0" description="" />
   <keyValuePair key="c_atg_static_en_read" value="1" description="" />
   <keyValuePair key="c_atg_static_en_write" value="1" description="" />
   <keyValuePair key="c_atg_static_free_run" value="1" description="" />
   <keyValuePair key="c_atg_static_incr" value="0" description="" />
   <keyValuePair key="c_atg_static_length" value="16" description="" />
   <keyValuePair key="c_atg_static_rd_address" value="0x0000000013A00FFF" description="" />
   <keyValuePair key="c_atg_static_rd_high_address" value="0x0000000013A00FFF" description="" />
   <keyValuePair key="c_atg_static_rd_pipeline" value="3" description="" />
   <keyValuePair key="c_atg_static_trangap" value="0" description="" />
   <keyValuePair key="c_atg_static_wr_address" value="0x0000000013A00FFF" description="" />
   <keyValuePair key="c_atg_static_wr_high_address" value="0x0000000013A00FFF" description="" />
   <keyValuePair key="c_atg_static_wr_pipeline" value="3" description="" />
   <keyValuePair key="c_atg_streaming" value="0" description="" />
   <keyValuePair key="c_atg_streaming_max_len_bits" value="16" description="" />
   <keyValuePair key="c_atg_streaming_mst_lpbk" value="0" description="" />
   <keyValuePair key="c_atg_streaming_mst_only" value="1" description="" />
   <keyValuePair key="c_atg_streaming_slv_lpbk" value="0" description="" />
   <keyValuePair key="c_atg_system_ch1_high" value="0xFFFFFFFF" description="" />
   <keyValuePair key="c_atg_system_ch1_low" value="0x00000000" description="" />
   <keyValuePair key="c_atg_system_ch2_high" value="0x000001FF" description="" />
   <keyValuePair key="c_atg_system_ch2_low" value="0x00000100" description="" />
   <keyValuePair key="c_atg_system_ch3_high" value="0x000002FF" description="" />
   <keyValuePair key="c_atg_system_ch3_low" value="0x00000200" description="" />
   <keyValuePair key="c_atg_system_ch4_high" value="0x000003FF" description="" />
   <keyValuePair key="c_atg_system_ch4_low" value="0x00000300" description="" />
   <keyValuePair key="c_atg_system_ch5_high" value="0x000004FF" description="" />
   <keyValuePair key="c_atg_system_ch5_low" value="0x00000400" description="" />
   <keyValuePair key="c_atg_system_cmd_max_retry" value="1000000" description="" />
   <keyValuePair key="c_atg_system_init" value="0" description="" />
   <keyValuePair key="c_atg_system_init_addr_mif" value="[user-defined]" description="" />
   <keyValuePair key="c_atg_system_init_ctrl_mif" value="[user-defined]" description="" />
   <keyValuePair key="c_atg_system_init_data_mif" value="[user-defined]" description="" />
   <keyValuePair key="c_atg_system_init_mask_mif" value="[user-defined]" description="" />
   <keyValuePair key="c_atg_system_max_channels" value="00000000000000000000000000000001" description="" />
   <keyValuePair key="c_atg_system_test" value="1" description="" />
   <keyValuePair key="c_atg_system_test_max_clks" value="4290000000" description="" />
   <keyValuePair key="c_axi_rd_addr_seed" value="0x5A5A" description="" />
   <keyValuePair key="c_axi_wr_addr_seed" value="0x7C9B" description="" />
   <keyValuePair key="c_axis1_has_tkeep" value="1" description="" />
   <keyValuePair key="c_axis1_has_tstrb" value="1" description="" />
   <keyValuePair key="c_axis2_has_tkeep" value="0" description="" />
   <keyValuePair key="c_axis2_has_tstrb" value="0" description="" />
   <keyValuePair key="c_axis_sparse_en" value="1" description="" />
   <keyValuePair key="c_axis_tdata_width" value="32" description="" />
   <keyValuePair key="c_axis_tdest_width" value="8" description="" />
   <keyValuePair key="c_axis_tid_width" value="8" description="" />
   <keyValuePair key="c_axis_tuser_width" value="8" description="" />
   <keyValuePair key="c_baseaddr" value="0x00000000" description="" />
   <keyValuePair key="c_family" value="artix7" description="" />
   <keyValuePair key="c_highaddr" value="0x0000FFFF" description="" />
   <keyValuePair key="c_m_axi_addr_width" value="32" description="" />
   <keyValuePair key="c_m_axi_aruser_width" value="8" description="" />
   <keyValuePair key="c_m_axi_awuser_width" value="8" description="" />
   <keyValuePair key="c_m_axi_data_width" value="32" description="" />
   <keyValuePair key="c_m_axi_thread_id_width" value="1" description="" />
   <keyValuePair key="c_no_excl" value="0" description="" />
   <keyValuePair key="c_raminit_addrram0_f" value="[user-defined]" description="" />
   <keyValuePair key="c_raminit_cmdram0_f" value="[user-defined]" description="" />
   <keyValuePair key="c_raminit_cmdram1_f" value="NONE" description="" />
   <keyValuePair key="c_raminit_cmdram2_f" value="NONE" description="" />
   <keyValuePair key="c_raminit_cmdram3_f" value="NONE" description="" />
   <keyValuePair key="c_raminit_paramram0_f" value="[user-defined]" description="" />
   <keyValuePair key="c_raminit_sram0_f" value="[user-defined]" description="" />
   <keyValuePair key="c_repeat_count" value="254" description="" />
   <keyValuePair key="c_s_axi_aruser_width" value="8" description="" />
   <keyValuePair key="c_s_axi_awuser_width" value="8" description="" />
   <keyValuePair key="c_s_axi_data_width" value="32" description="" />
   <keyValuePair key="c_s_axi_id_width" value="1" description="" />
   <keyValuePair key="c_strm_data_seed" value="0xABCD" description="" />
   <keyValuePair key="c_zero_invalid" value="1" description="" />
   <keyValuePair key="core_container" value="NA" description="" />
   <keyValuePair key="iptotal" value="1" description="" />
   <keyValuePair key="x_ipcorerevision" value="13" description="" />
   <keyValuePair key="x_iplanguage" value="VERILOG" description="" />
   <keyValuePair key="x_iplibrary" value="ip" description="" />
   <keyValuePair key="x_ipname" value="axi_traffic_gen" description="" />
   <keyValuePair key="x_ipproduct" value="Vivado 2017.1" description="" />
   <keyValuePair key="x_ipsimlanguage" value="MIXED" description="" />
   <keyValuePair key="x_ipvendor" value="xilinx.com" description="" />
   <keyValuePair key="x_ipversion" value="2.0" description="" />
  </section>
  <section name="clk_wiz_v5_4_0_0/1" level="2" order="5" description="">
   <keyValuePair key="clkin1_period" value="10.000" description="" />
   <keyValuePair key="clkin2_period" value="10.000" description="" />
   <keyValuePair key="clock_mgr_type" value="NA" description="" />
   <keyValuePair key="component_name" value="design_1_clk_wiz_0_0" description="" />
   <keyValuePair key="core_container" value="NA" description="" />
   <keyValuePair key="enable_axi" value="0" description="" />
   <keyValuePair key="feedback_source" value="FDBK_AUTO" description="" />
   <keyValuePair key="feedback_type" value="SINGLE" description="" />
   <keyValuePair key="iptotal" value="1" description="" />
   <keyValuePair key="manual_override" value="false" description="" />
   <keyValuePair key="num_out_clk" value="2" description="" />
   <keyValuePair key="primitive" value="MMCM" description="" />
   <keyValuePair key="use_dyn_phase_shift" value="false" description="" />
   <keyValuePair key="use_dyn_reconfig" value="false" description="" />
   <keyValuePair key="use_inclk_stopped" value="false" description="" />
   <keyValuePair key="use_inclk_switchover" value="false" description="" />
   <keyValuePair key="use_locked" value="true" description="" />
   <keyValuePair key="use_max_i_jitter" value="false" description="" />
   <keyValuePair key="use_min_o_jitter" value="false" description="" />
   <keyValuePair key="use_phase_alignment" value="true" description="" />
   <keyValuePair key="use_power_down" value="false" description="" />
   <keyValuePair key="use_reset" value="true" description="" />
  </section>
  <section name="mii_to_rmii/1" level="2" order="6" description="">
   <keyValuePair key="c_fixed_speed" value="1" description="" />
   <keyValuePair key="c_include_buf" value="0" description="" />
   <keyValuePair key="c_instance" value="mii_to_rmii_0" description="" />
   <keyValuePair key="c_speed_100" value="1" description="" />
   <keyValuePair key="core_container" value="NA" description="" />
   <keyValuePair key="iptotal" value="2" description="" />
   <keyValuePair key="x_ipcorerevision" value="14" description="" />
   <keyValuePair key="x_iplanguage" value="VERILOG" description="" />
   <keyValuePair key="x_iplibrary" value="ip" description="" />
   <keyValuePair key="x_ipname" value="mii_to_rmii" description="" />
   <keyValuePair key="x_ipproduct" value="Vivado 2017.1" description="" />
   <keyValuePair key="x_ipsimlanguage" value="MIXED" description="" />
   <keyValuePair key="x_ipvendor" value="xilinx.com" description="" />
   <keyValuePair key="x_ipversion" value="2.0" description="" />
  </section>
  <section name="xpm_memory_base/1" level="2" order="7" description="">
   <keyValuePair key="addr_width_a" value="12" description="" />
   <keyValuePair key="addr_width_b" value="9" description="" />
   <keyValuePair key="auto_sleep_time" value="0" description="" />
   <keyValuePair key="byte_write_width_a" value="4" description="" />
   <keyValuePair key="byte_write_width_b" value="32" description="" />
   <keyValuePair key="clocking_mode" value="0" description="" />
   <keyValuePair key="core_container" value="NA" description="" />
   <keyValuePair key="ecc_mode" value="0" description="" />
   <keyValuePair key="iptotal" value="2" description="" />
   <keyValuePair key="max_num_char" value="0" description="" />
   <keyValuePair key="memory_optimization" value="1" description="" />
   <keyValuePair key="memory_primitive" value="2" description="" />
   <keyValuePair key="memory_size" value="16384" description="" />
   <keyValuePair key="memory_type" value="2" description="" />
   <keyValuePair key="message_control" value="0" description="" />
   <keyValuePair key="num_char_loc" value="0" description="" />
   <keyValuePair key="p_ecc_mode" value="no_ecc" description="" />
   <keyValuePair key="p_enable_byte_write_a" value="0" description="" />
   <keyValuePair key="p_enable_byte_write_b" value="0" description="" />
   <keyValuePair key="p_max_depth_data" value="4096" description="" />
   <keyValuePair key="p_memory_opt" value="yes" description="" />
   <keyValuePair key="p_memory_primitive" value="block" description="" />
   <keyValuePair key="p_min_width_data" value="4" description="" />
   <keyValuePair key="p_min_width_data_a" value="4" description="" />
   <keyValuePair key="p_min_width_data_b" value="32" description="" />
   <keyValuePair key="p_min_width_data_ecc" value="4" description="" />
   <keyValuePair key="p_min_width_data_ldw" value="4" description="" />
   <keyValuePair key="p_min_width_data_shft" value="5" description="" />
   <keyValuePair key="p_num_cols_write_a" value="1" description="" />
   <keyValuePair key="p_num_cols_write_b" value="1" description="" />
   <keyValuePair key="p_num_rows_read_a" value="1" description="" />
   <keyValuePair key="p_num_rows_read_b" value="8" description="" />
   <keyValuePair key="p_num_rows_write_a" value="1" description="" />
   <keyValuePair key="p_num_rows_write_b" value="8" description="" />
   <keyValuePair key="p_sdp_write_mode" value="yes" description="" />
   <keyValuePair key="p_width_addr_lsb_read_a" value="0" description="" />
   <keyValuePair key="p_width_addr_lsb_read_b" value="3" description="" />
   <keyValuePair key="p_width_addr_lsb_write_a" value="0" description="" />
   <keyValuePair key="p_width_addr_lsb_write_b" value="3" description="" />
   <keyValuePair key="p_width_addr_read_a" value="12" description="" />
   <keyValuePair key="p_width_addr_read_b" value="9" description="" />
   <keyValuePair key="p_width_addr_write_a" value="12" description="" />
   <keyValuePair key="p_width_addr_write_b" value="9" description="" />
   <keyValuePair key="p_width_col_write_a" value="4" description="" />
   <keyValuePair key="p_width_col_write_b" value="4" description="" />
   <keyValuePair key="read_data_width_a" value="4" description="" />
   <keyValuePair key="read_data_width_b" value="32" description="" />
   <keyValuePair key="read_latency_a" value="1" description="" />
   <keyValuePair key="read_latency_b" value="1" description="" />
   <keyValuePair key="read_reset_value_a" value="0" description="" />
   <keyValuePair key="read_reset_value_b" value="0" description="" />
   <keyValuePair key="use_mem_init" value="1" description="" />
   <keyValuePair key="version" value="0" description="" />
   <keyValuePair key="wakeup_time" value="0" description="" />
   <keyValuePair key="write_data_width_a" value="4" description="" />
   <keyValuePair key="write_data_width_b" value="32" description="" />
   <keyValuePair key="write_mode_a" value="1" description="" />
   <keyValuePair key="write_mode_b" value="1" description="" />
   <keyValuePair key="x_ipversion" value="2.0" description="" />
  </section>
 </section>
 <section name="power_opt_design" level="1" order="4" description="">
  <section name="command_line_options_spo" level="2" order="1" description="">
   <keyValuePair key="-cell_types" value="default::all" description="" />
   <keyValuePair key="-clocks" value="default::[not_specified]" description="" />
   <keyValuePair key="-exclude_cells" value="default::[not_specified]" description="" />
   <keyValuePair key="-include_cells" value="default::[not_specified]" description="" />
  </section>
  <section name="usage" level="2" order="2" description="">
   <keyValuePair key="bram_ports_augmented" value="0" description="" />
   <keyValuePair key="bram_ports_newly_gated" value="1" description="" />
   <keyValuePair key="bram_ports_total" value="4" description="" />
   <keyValuePair key="flow_state" value="default" description="" />
   <keyValuePair key="slice_registers_augmented" value="0" description="" />
   <keyValuePair key="slice_registers_newly_gated" value="0" description="" />
   <keyValuePair key="slice_registers_total" value="842" description="" />
   <keyValuePair key="srls_augmented" value="0" description="" />
   <keyValuePair key="srls_newly_gated" value="0" description="" />
   <keyValuePair key="srls_total" value="4" description="" />
  </section>
 </section>
 <section name="report_drc" level="1" order="5" description="">
  <section name="command_line_options" level="2" order="1" description="">
   <keyValuePair key="-append" value="default::[not_specified]" description="" />
   <keyValuePair key="-checks" value="default::[not_specified]" description="" />
   <keyValuePair key="-fail_on" value="default::[not_specified]" description="" />
   <keyValuePair key="-force" value="default::[not_specified]" description="" />
   <keyValuePair key="-format" value="default::[not_specified]" description="" />
   <keyValuePair key="-messages" value="default::[not_specified]" description="" />
   <keyValuePair key="-name" value="default::[not_specified]" description="" />
   <keyValuePair key="-return_string" value="default::[not_specified]" description="" />
   <keyValuePair key="-ruledecks" value="default::[not_specified]" description="" />
   <keyValuePair key="-upgrade_cw" value="default::[not_specified]" description="" />
   <keyValuePair key="-waived" value="default::[not_specified]" description="" />
  </section>
  <section name="results" level="2" order="2" description="">
   <keyValuePair key="cfgbvs-1" value="1" description="" />
   <keyValuePair key="plio-6" value="11" description="" />
   <keyValuePair key="reqp-1617" value="11" description="" />
   <keyValuePair key="reqp-1839" value="1" description="" />
   <keyValuePair key="rtstat-10" value="1" description="" />
  </section>
 </section>
 <section name="report_methodology" level="1" order="6" description="">
  <section name="command_line_options" level="2" order="1" description="">
   <keyValuePair key="-append" value="default::[not_specified]" description="" />
   <keyValuePair key="-checks" value="default::[not_specified]" description="" />
   <keyValuePair key="-fail_on" value="default::[not_specified]" description="" />
   <keyValuePair key="-force" value="default::[not_specified]" description="" />
   <keyValuePair key="-format" value="default::[not_specified]" description="" />
   <keyValuePair key="-messages" value="default::[not_specified]" description="" />
   <keyValuePair key="-name" value="default::[not_specified]" description="" />
   <keyValuePair key="-return_string" value="default::[not_specified]" description="" />
   <keyValuePair key="-waived" value="default::[not_specified]" description="" />
  </section>
  <section name="results" level="2" order="2" description="">
   <keyValuePair key="timing-18" value="21" description="" />
   <keyValuePair key="timing-2" value="2" description="" />
   <keyValuePair key="timing-4" value="4" description="" />
   <keyValuePair key="timing-6" value="10" description="" />
   <keyValuePair key="timing-7" value="4" description="" />
   <keyValuePair key="timing-9" value="1" description="" />
   <keyValuePair key="xdcb-5" value="1" description="" />
  </section>
 </section>
 <section name="report_power" level="1" order="7" description="">
  <section name="command_line_options" level="2" order="1" description="">
   <keyValuePair key="-advisory" value="default::[not_specified]" description="" />
   <keyValuePair key="-append" value="default::[not_specified]" description="" />
   <keyValuePair key="-file" value="[specified]" description="" />
   <keyValuePair key="-format" value="default::text" description="" />
   <keyValuePair key="-hier" value="default::power" description="" />
   <keyValuePair key="-l" value="default::[not_specified]" description="" />
   <keyValuePair key="-name" value="default::[not_specified]" description="" />
   <keyValuePair key="-no_propagation" value="default::[not_specified]" description="" />
   <keyValuePair key="-return_string" value="default::[not_specified]" description="" />
   <keyValuePair key="-rpx" value="[specified]" description="" />
   <keyValuePair key="-verbose" value="default::[not_specified]" description="" />
   <keyValuePair key="-vid" value="default::[not_specified]" description="" />
   <keyValuePair key="-xpe" value="default::[not_specified]" description="" />
  </section>
  <section name="usage" level="2" order="2" description="">
   <keyValuePair key="airflow" value="250 (LFM)" description="" />
   <keyValuePair key="ambient_temp" value="25.0 (C)" description="" />
   <keyValuePair key="bi-dir_toggle" value="12.500000" description="" />
   <keyValuePair key="bidir_output_enable" value="1.000000" description="" />
   <keyValuePair key="board_layers" value="12to15 (12 to 15 Layers)" description="" />
   <keyValuePair key="board_selection" value="medium (10&quot;x10&quot;)" description="" />
   <keyValuePair key="bram" value="0.004876" description="" />
   <keyValuePair key="clocks" value="0.008890" description="" />
   <keyValuePair key="confidence_level_clock_activity" value="High" description="" />
   <keyValuePair key="confidence_level_design_state" value="High" description="" />
   <keyValuePair key="confidence_level_device_models" value="High" description="" />
   <keyValuePair key="confidence_level_internal_activity" value="Medium" description="" />
   <keyValuePair key="confidence_level_io_activity" value="Low" description="" />
   <keyValuePair key="confidence_level_overall" value="Low" description="" />
   <keyValuePair key="customer" value="TBD" description="" />
   <keyValuePair key="customer_class" value="TBD" description="" />
   <keyValuePair key="devstatic" value="0.097606" description="" />
   <keyValuePair key="die" value="xc7a100tcsg324-1" description="" />
   <keyValuePair key="dsp_output_toggle" value="12.500000" description="" />
   <keyValuePair key="dynamic" value="0.142160" description="" />
   <keyValuePair key="effective_thetaja" value="4.6" description="" />
   <keyValuePair key="enable_probability" value="0.990000" description="" />
   <keyValuePair key="family" value="artix7" description="" />
   <keyValuePair key="ff_toggle" value="12.500000" description="" />
   <keyValuePair key="flow_state" value="routed" description="" />
   <keyValuePair key="heatsink" value="medium (Medium Profile)" description="" />
   <keyValuePair key="i/o" value="0.008465" description="" />
   <keyValuePair key="input_toggle" value="12.500000" description="" />
   <keyValuePair key="junction_temp" value="26.1 (C)" description="" />
   <keyValuePair key="logic" value="0.000785" description="" />
   <keyValuePair key="mgtavcc_dynamic_current" value="0.000000" description="" />
   <keyValuePair key="mgtavcc_static_current" value="0.000000" description="" />
   <keyValuePair key="mgtavcc_total_current" value="0.000000" description="" />
   <keyValuePair key="mgtavcc_voltage" value="1.000000" description="" />
   <keyValuePair key="mgtavtt_dynamic_current" value="0.000000" description="" />
   <keyValuePair key="mgtavtt_static_current" value="0.000000" description="" />
   <keyValuePair key="mgtavtt_total_current" value="0.000000" description="" />
   <keyValuePair key="mgtavtt_voltage" value="1.200000" description="" />
   <keyValuePair key="mmcm" value="0.122420" description="" />
   <keyValuePair key="netlist_net_matched" value="NA" description="" />
   <keyValuePair key="off-chip_power" value="0.000000" description="" />
   <keyValuePair key="on-chip_power" value="0.239766" description="" />
   <keyValuePair key="output_enable" value="1.000000" description="" />
   <keyValuePair key="output_load" value="5.000000" description="" />
   <keyValuePair key="output_toggle" value="12.500000" description="" />
   <keyValuePair key="package" value="csg324" description="" />
   <keyValuePair key="pct_clock_constrained" value="4.000000" description="" />
   <keyValuePair key="pct_inputs_defined" value="12" description="" />
   <keyValuePair key="platform" value="nt64" description="" />
   <keyValuePair key="process" value="typical" description="" />
   <keyValuePair key="ram_enable" value="50.000000" description="" />
   <keyValuePair key="ram_write" value="50.000000" description="" />
   <keyValuePair key="read_saif" value="False" description="" />
   <keyValuePair key="set/reset_probability" value="0.000000" description="" />
   <keyValuePair key="signal_rate" value="False" description="" />
   <keyValuePair key="signals" value="0.000911" description="" />
   <keyValuePair key="simulation_file" value="None" description="" />
   <keyValuePair key="speedgrade" value="-1" description="" />
   <keyValuePair key="static_prob" value="False" description="" />
   <keyValuePair key="temp_grade" value="commercial" description="" />
   <keyValuePair key="thetajb" value="5.7 (C/W)" description="" />
   <keyValuePair key="thetasa" value="4.6 (C/W)" description="" />
   <keyValuePair key="toggle_rate" value="False" description="" />
   <keyValuePair key="user_board_temp" value="25.0 (C)" description="" />
   <keyValuePair key="user_effective_thetaja" value="4.6" description="" />
   <keyValuePair key="user_junc_temp" value="26.1 (C)" description="" />
   <keyValuePair key="user_thetajb" value="5.7 (C/W)" description="" />
   <keyValuePair key="user_thetasa" value="4.6 (C/W)" description="" />
   <keyValuePair key="vccadc_dynamic_current" value="0.000000" description="" />
   <keyValuePair key="vccadc_static_current" value="0.020000" description="" />
   <keyValuePair key="vccadc_total_current" value="0.020000" description="" />
   <keyValuePair key="vccadc_voltage" value="1.800000" description="" />
   <keyValuePair key="vccaux_dynamic_current" value="0.068051" description="" />
   <keyValuePair key="vccaux_io_dynamic_current" value="0.000000" description="" />
   <keyValuePair key="vccaux_io_static_current" value="0.000000" description="" />
   <keyValuePair key="vccaux_io_total_current" value="0.000000" description="" />
   <keyValuePair key="vccaux_io_voltage" value="1.800000" description="" />
   <keyValuePair key="vccaux_static_current" value="0.018170" description="" />
   <keyValuePair key="vccaux_total_current" value="0.086221" description="" />
   <keyValuePair key="vccaux_voltage" value="1.800000" description="" />
   <keyValuePair key="vccbram_dynamic_current" value="0.000395" description="" />
   <keyValuePair key="vccbram_static_current" value="0.000299" description="" />
   <keyValuePair key="vccbram_total_current" value="0.000694" description="" />
   <keyValuePair key="vccbram_voltage" value="1.000000" description="" />
   <keyValuePair key="vccint_dynamic_current" value="0.011438" description="" />
   <keyValuePair key="vccint_static_current" value="0.015401" description="" />
   <keyValuePair key="vccint_total_current" value="0.026838" description="" />
   <keyValuePair key="vccint_voltage" value="1.000000" description="" />
   <keyValuePair key="vcco12_dynamic_current" value="0.000000" description="" />
   <keyValuePair key="vcco12_static_current" value="0.000000" description="" />
   <keyValuePair key="vcco12_total_current" value="0.000000" description="" />
   <keyValuePair key="vcco12_voltage" value="1.200000" description="" />
   <keyValuePair key="vcco135_dynamic_current" value="0.000000" description="" />
   <keyValuePair key="vcco135_static_current" value="0.000000" description="" />
   <keyValuePair key="vcco135_total_current" value="0.000000" description="" />
   <keyValuePair key="vcco135_voltage" value="1.350000" description="" />
   <keyValuePair key="vcco15_dynamic_current" value="0.000000" description="" />
   <keyValuePair key="vcco15_static_current" value="0.000000" description="" />
   <keyValuePair key="vcco15_total_current" value="0.000000" description="" />
   <keyValuePair key="vcco15_voltage" value="1.500000" description="" />
   <keyValuePair key="vcco18_dynamic_current" value="0.000000" description="" />
   <keyValuePair key="vcco18_static_current" value="0.000000" description="" />
   <keyValuePair key="vcco18_total_current" value="0.000000" description="" />
   <keyValuePair key="vcco18_voltage" value="1.800000" description="" />
   <keyValuePair key="vcco25_dynamic_current" value="0.000000" description="" />
   <keyValuePair key="vcco25_static_current" value="0.000000" description="" />
   <keyValuePair key="vcco25_total_current" value="0.000000" description="" />
   <keyValuePair key="vcco25_voltage" value="2.500000" description="" />
   <keyValuePair key="vcco33_dynamic_current" value="0.002374" description="" />
   <keyValuePair key="vcco33_static_current" value="0.004000" description="" />
   <keyValuePair key="vcco33_total_current" value="0.006374" description="" />
   <keyValuePair key="vcco33_voltage" value="3.300000" description="" />
   <keyValuePair key="version" value="2017.1" description="" />
  </section>
 </section>
 <section name="report_utilization" level="1" order="8" description="">
  <section name="clocking" level="2" order="1" description="">
   <keyValuePair key="bufgctrl_available" value="32" description="" />
   <keyValuePair key="bufgctrl_fixed" value="0" description="" />
   <keyValuePair key="bufgctrl_used" value="5" description="" />
   <keyValuePair key="bufgctrl_util_percentage" value="15.63" description="" />
   <keyValuePair key="bufhce_available" value="96" description="" />
   <keyValuePair key="bufhce_fixed" value="0" description="" />
   <keyValuePair key="bufhce_used" value="0" description="" />
   <keyValuePair key="bufhce_util_percentage" value="0.00" description="" />
   <keyValuePair key="bufio_available" value="24" description="" />
   <keyValuePair key="bufio_fixed" value="0" description="" />
   <keyValuePair key="bufio_used" value="0" description="" />
   <keyValuePair key="bufio_util_percentage" value="0.00" description="" />
   <keyValuePair key="bufmrce_available" value="12" description="" />
   <keyValuePair key="bufmrce_fixed" value="0" description="" />
   <keyValuePair key="bufmrce_used" value="0" description="" />
   <keyValuePair key="bufmrce_util_percentage" value="0.00" description="" />
   <keyValuePair key="bufr_available" value="24" description="" />
   <keyValuePair key="bufr_fixed" value="0" description="" />
   <keyValuePair key="bufr_used" value="0" description="" />
   <keyValuePair key="bufr_util_percentage" value="0.00" description="" />
   <keyValuePair key="mmcme2_adv_available" value="6" description="" />
   <keyValuePair key="mmcme2_adv_fixed" value="0" description="" />
   <keyValuePair key="mmcme2_adv_used" value="1" description="" />
   <keyValuePair key="mmcme2_adv_util_percentage" value="16.67" description="" />
   <keyValuePair key="plle2_adv_available" value="6" description="" />
   <keyValuePair key="plle2_adv_fixed" value="0" description="" />
   <keyValuePair key="plle2_adv_used" value="0" description="" />
   <keyValuePair key="plle2_adv_util_percentage" value="0.00" description="" />
  </section>
  <section name="dsp" level="2" order="2" description="">
   <keyValuePair key="dsps_available" value="240" description="" />
   <keyValuePair key="dsps_fixed" value="0" description="" />
   <keyValuePair key="dsps_used" value="0" description="" />
   <keyValuePair key="dsps_util_percentage" value="0.00" description="" />
  </section>
  <section name="io_standard" level="2" order="3" description="">
   <keyValuePair key="blvds_25" value="0" description="" />
   <keyValuePair key="diff_hstl_i" value="0" description="" />
   <keyValuePair key="diff_hstl_i_18" value="0" description="" />
   <keyValuePair key="diff_hstl_ii" value="0" description="" />
   <keyValuePair key="diff_hstl_ii_18" value="0" description="" />
   <keyValuePair key="diff_hsul_12" value="0" description="" />
   <keyValuePair key="diff_mobile_ddr" value="0" description="" />
   <keyValuePair key="diff_sstl135" value="0" description="" />
   <keyValuePair key="diff_sstl135_r" value="0" description="" />
   <keyValuePair key="diff_sstl15" value="0" description="" />
   <keyValuePair key="diff_sstl15_r" value="0" description="" />
   <keyValuePair key="diff_sstl18_i" value="0" description="" />
   <keyValuePair key="diff_sstl18_ii" value="0" description="" />
   <keyValuePair key="hstl_i" value="0" description="" />
   <keyValuePair key="hstl_i_18" value="0" description="" />
   <keyValuePair key="hstl_ii" value="0" description="" />
   <keyValuePair key="hstl_ii_18" value="0" description="" />
   <keyValuePair key="hsul_12" value="0" description="" />
   <keyValuePair key="lvcmos12" value="0" description="" />
   <keyValuePair key="lvcmos15" value="0" description="" />
   <keyValuePair key="lvcmos18" value="0" description="" />
   <keyValuePair key="lvcmos25" value="0" description="" />
   <keyValuePair key="lvcmos33" value="1" description="" />
   <keyValuePair key="lvds_25" value="0" description="" />
   <keyValuePair key="lvttl" value="0" description="" />
   <keyValuePair key="mini_lvds_25" value="0" description="" />
   <keyValuePair key="mobile_ddr" value="0" description="" />
   <keyValuePair key="pci33_3" value="0" description="" />
   <keyValuePair key="ppds_25" value="0" description="" />
   <keyValuePair key="rsds_25" value="0" description="" />
   <keyValuePair key="sstl135" value="0" description="" />
   <keyValuePair key="sstl135_r" value="0" description="" />
   <keyValuePair key="sstl15" value="0" description="" />
   <keyValuePair key="sstl15_r" value="0" description="" />
   <keyValuePair key="sstl18_i" value="0" description="" />
   <keyValuePair key="sstl18_ii" value="0" description="" />
   <keyValuePair key="tmds_33" value="0" description="" />
  </section>
  <section name="memory" level="2" order="4" description="">
   <keyValuePair key="block_ram_tile_available" value="135" description="" />
   <keyValuePair key="block_ram_tile_fixed" value="0" description="" />
   <keyValuePair key="block_ram_tile_used" value="2" description="" />
   <keyValuePair key="block_ram_tile_util_percentage" value="1.48" description="" />
   <keyValuePair key="ramb18_available" value="270" description="" />
   <keyValuePair key="ramb18_fixed" value="0" description="" />
   <keyValuePair key="ramb18_used" value="0" description="" />
   <keyValuePair key="ramb18_util_percentage" value="0.00" description="" />
   <keyValuePair key="ramb36_fifo_available" value="135" description="" />
   <keyValuePair key="ramb36_fifo_fixed" value="0" description="" />
   <keyValuePair key="ramb36_fifo_used" value="2" description="" />
   <keyValuePair key="ramb36_fifo_util_percentage" value="1.48" description="" />
   <keyValuePair key="ramb36e1_only_used" value="2" description="" />
  </section>
  <section name="primitives" level="2" order="5" description="">
   <keyValuePair key="bufg_functional_category" value="Clock" description="" />
   <keyValuePair key="bufg_used" value="5" description="" />
   <keyValuePair key="carry4_functional_category" value="CarryLogic" description="" />
   <keyValuePair key="carry4_used" value="46" description="" />
   <keyValuePair key="fdce_functional_category" value="Flop &amp; Latch" description="" />
   <keyValuePair key="fdce_used" value="110" description="" />
   <keyValuePair key="fdpe_functional_category" value="Flop &amp; Latch" description="" />
   <keyValuePair key="fdpe_used" value="44" description="" />
   <keyValuePair key="fdre_functional_category" value="Flop &amp; Latch" description="" />
   <keyValuePair key="fdre_used" value="638" description="" />
   <keyValuePair key="fdse_functional_category" value="Flop &amp; Latch" description="" />
   <keyValuePair key="fdse_used" value="50" description="" />
   <keyValuePair key="ibuf_functional_category" value="IO" description="" />
   <keyValuePair key="ibuf_used" value="8" description="" />
   <keyValuePair key="lut1_functional_category" value="LUT" description="" />
   <keyValuePair key="lut1_used" value="25" description="" />
   <keyValuePair key="lut2_functional_category" value="LUT" description="" />
   <keyValuePair key="lut2_used" value="118" description="" />
   <keyValuePair key="lut3_functional_category" value="LUT" description="" />
   <keyValuePair key="lut3_used" value="73" description="" />
   <keyValuePair key="lut4_functional_category" value="LUT" description="" />
   <keyValuePair key="lut4_used" value="192" description="" />
   <keyValuePair key="lut5_functional_category" value="LUT" description="" />
   <keyValuePair key="lut5_used" value="100" description="" />
   <keyValuePair key="lut6_functional_category" value="LUT" description="" />
   <keyValuePair key="lut6_used" value="148" description="" />
   <keyValuePair key="mmcme2_adv_functional_category" value="Clock" description="" />
   <keyValuePair key="mmcme2_adv_used" value="1" description="" />
   <keyValuePair key="muxf7_functional_category" value="MuxFx" description="" />
   <keyValuePair key="muxf7_used" value="1" description="" />
   <keyValuePair key="obuf_functional_category" value="IO" description="" />
   <keyValuePair key="obuf_used" value="16" description="" />
   <keyValuePair key="obuft_functional_category" value="IO" description="" />
   <keyValuePair key="obuft_used" value="1" description="" />
   <keyValuePair key="ramb36e1_functional_category" value="Block Memory" description="" />
   <keyValuePair key="ramb36e1_used" value="2" description="" />
   <keyValuePair key="ramd32_functional_category" value="Distributed Memory" description="" />
   <keyValuePair key="ramd32_used" value="12" description="" />
   <keyValuePair key="rams32_functional_category" value="Distributed Memory" description="" />
   <keyValuePair key="rams32_used" value="8" description="" />
   <keyValuePair key="srl16e_functional_category" value="Distributed Memory" description="" />
   <keyValuePair key="srl16e_used" value="4" description="" />
  </section>
  <section name="slice_logic" level="2" order="6" description="">
   <keyValuePair key="f7_muxes_available" value="31700" description="" />
   <keyValuePair key="f7_muxes_fixed" value="0" description="" />
   <keyValuePair key="f7_muxes_used" value="1" description="" />
   <keyValuePair key="f7_muxes_util_percentage" value="&lt;0.01" description="" />
   <keyValuePair key="f8_muxes_available" value="15850" description="" />
   <keyValuePair key="f8_muxes_fixed" value="0" description="" />
   <keyValuePair key="f8_muxes_used" value="0" description="" />
   <keyValuePair key="f8_muxes_util_percentage" value="0.00" description="" />
   <keyValuePair key="fully_used_lut_ff_pairs_fixed" value="0.66" description="" />
   <keyValuePair key="fully_used_lut_ff_pairs_used" value="56" description="" />
   <keyValuePair key="lut_as_distributed_ram_fixed" value="0" description="" />
   <keyValuePair key="lut_as_distributed_ram_fixed" value="0" description="" />
   <keyValuePair key="lut_as_distributed_ram_used" value="12" description="" />
   <keyValuePair key="lut_as_distributed_ram_used" value="12" description="" />
   <keyValuePair key="lut_as_logic_available" value="63400" description="" />
   <keyValuePair key="lut_as_logic_available" value="63400" description="" />
   <keyValuePair key="lut_as_logic_fixed" value="0" description="" />
   <keyValuePair key="lut_as_logic_fixed" value="0" description="" />
   <keyValuePair key="lut_as_logic_used" value="544" description="" />
   <keyValuePair key="lut_as_logic_used" value="544" description="" />
   <keyValuePair key="lut_as_logic_util_percentage" value="0.86" description="" />
   <keyValuePair key="lut_as_logic_util_percentage" value="0.86" description="" />
   <keyValuePair key="lut_as_memory_available" value="19000" description="" />
   <keyValuePair key="lut_as_memory_available" value="19000" description="" />
   <keyValuePair key="lut_as_memory_fixed" value="0" description="" />
   <keyValuePair key="lut_as_memory_fixed" value="0" description="" />
   <keyValuePair key="lut_as_memory_used" value="16" description="" />
   <keyValuePair key="lut_as_memory_used" value="16" description="" />
   <keyValuePair key="lut_as_memory_util_percentage" value="0.08" description="" />
   <keyValuePair key="lut_as_memory_util_percentage" value="0.08" description="" />
   <keyValuePair key="lut_as_shift_register_fixed" value="0" description="" />
   <keyValuePair key="lut_as_shift_register_fixed" value="0" description="" />
   <keyValuePair key="lut_as_shift_register_used" value="4" description="" />
   <keyValuePair key="lut_as_shift_register_used" value="4" description="" />
   <keyValuePair key="lut_ff_pairs_with_one_unused_flip_flop_fixed" value="4" description="" />
   <keyValuePair key="lut_ff_pairs_with_one_unused_flip_flop_used" value="200" description="" />
   <keyValuePair key="lut_ff_pairs_with_one_unused_lut_output_fixed" value="200" description="" />
   <keyValuePair key="lut_ff_pairs_with_one_unused_lut_output_used" value="231" description="" />
   <keyValuePair key="lut_flip_flop_pairs_available" value="63400" description="" />
   <keyValuePair key="lut_flip_flop_pairs_fixed" value="0" description="" />
   <keyValuePair key="lut_flip_flop_pairs_used" value="310" description="" />
   <keyValuePair key="lut_flip_flop_pairs_util_percentage" value="0.49" description="" />
   <keyValuePair key="register_as_flip_flop_available" value="126800" description="" />
   <keyValuePair key="register_as_flip_flop_fixed" value="11" description="" />
   <keyValuePair key="register_as_flip_flop_used" value="842" description="" />
   <keyValuePair key="register_as_flip_flop_util_percentage" value="0.66" description="" />
   <keyValuePair key="register_as_latch_available" value="126800" description="" />
   <keyValuePair key="register_as_latch_fixed" value="0" description="" />
   <keyValuePair key="register_as_latch_used" value="0" description="" />
   <keyValuePair key="register_as_latch_util_percentage" value="0.00" description="" />
   <keyValuePair key="slice_available" value="15850" description="" />
   <keyValuePair key="slice_fixed" value="0" description="" />
   <keyValuePair key="slice_luts_available" value="63400" description="" />
   <keyValuePair key="slice_luts_fixed" value="0" description="" />
   <keyValuePair key="slice_luts_used" value="560" description="" />
   <keyValuePair key="slice_luts_util_percentage" value="0.88" description="" />
   <keyValuePair key="slice_registers_available" value="126800" description="" />
   <keyValuePair key="slice_registers_fixed" value="11" description="" />
   <keyValuePair key="slice_registers_used" value="842" description="" />
   <keyValuePair key="slice_registers_util_percentage" value="0.66" description="" />
   <keyValuePair key="slice_used" value="264" description="" />
   <keyValuePair key="slice_util_percentage" value="1.67" description="" />
   <keyValuePair key="slicel_fixed" value="0" description="" />
   <keyValuePair key="slicel_used" value="194" description="" />
   <keyValuePair key="slicem_fixed" value="0" description="" />
   <keyValuePair key="slicem_used" value="70" description="" />
   <keyValuePair key="unique_control_sets_used" value="74" description="" />
   <keyValuePair key="using_o5_and_o6_fixed" value="74" description="" />
   <keyValuePair key="using_o5_and_o6_used" value="0" description="" />
   <keyValuePair key="using_o5_output_only_fixed" value="0" description="" />
   <keyValuePair key="using_o5_output_only_used" value="0" description="" />
   <keyValuePair key="using_o6_output_only_fixed" value="0" description="" />
   <keyValuePair key="using_o6_output_only_used" value="4" description="" />
  </section>
  <section name="specific_feature" level="2" order="7" description="">
   <keyValuePair key="bscane2_available" value="4" description="" />
   <keyValuePair key="bscane2_fixed" value="0" description="" />
   <keyValuePair key="bscane2_used" value="0" description="" />
   <keyValuePair key="bscane2_util_percentage" value="0.00" description="" />
   <keyValuePair key="capturee2_available" value="1" description="" />
   <keyValuePair key="capturee2_fixed" value="0" description="" />
   <keyValuePair key="capturee2_used" value="0" description="" />
   <keyValuePair key="capturee2_util_percentage" value="0.00" description="" />
   <keyValuePair key="dna_port_available" value="1" description="" />
   <keyValuePair key="dna_port_fixed" value="0" description="" />
   <keyValuePair key="dna_port_used" value="0" description="" />
   <keyValuePair key="dna_port_util_percentage" value="0.00" description="" />
   <keyValuePair key="efuse_usr_available" value="1" description="" />
   <keyValuePair key="efuse_usr_fixed" value="0" description="" />
   <keyValuePair key="efuse_usr_used" value="0" description="" />
   <keyValuePair key="efuse_usr_util_percentage" value="0.00" description="" />
   <keyValuePair key="frame_ecce2_available" value="1" description="" />
   <keyValuePair key="frame_ecce2_fixed" value="0" description="" />
   <keyValuePair key="frame_ecce2_used" value="0" description="" />
   <keyValuePair key="frame_ecce2_util_percentage" value="0.00" description="" />
   <keyValuePair key="icape2_available" value="2" description="" />
   <keyValuePair key="icape2_fixed" value="0" description="" />
   <keyValuePair key="icape2_used" value="0" description="" />
   <keyValuePair key="icape2_util_percentage" value="0.00" description="" />
   <keyValuePair key="pcie_2_1_available" value="1" description="" />
   <keyValuePair key="pcie_2_1_fixed" value="0" description="" />
   <keyValuePair key="pcie_2_1_used" value="0" description="" />
   <keyValuePair key="pcie_2_1_util_percentage" value="0.00" description="" />
   <keyValuePair key="startupe2_available" value="1" description="" />
   <keyValuePair key="startupe2_fixed" value="0" description="" />
   <keyValuePair key="startupe2_used" value="0" description="" />
   <keyValuePair key="startupe2_util_percentage" value="0.00" description="" />
   <keyValuePair key="xadc_available" value="1" description="" />
   <keyValuePair key="xadc_fixed" value="0" description="" />
   <keyValuePair key="xadc_used" value="0" description="" />
   <keyValuePair key="xadc_util_percentage" value="0.00" description="" />
  </section>
 </section>
 <section name="router" level="1" order="9" description="">
  <section name="usage" level="2" order="1" description="">
   <keyValuePair key="actual_expansions" value="2015188" description="" />
   <keyValuePair key="bogomips" value="0" description="" />
   <keyValuePair key="bram18" value="0" description="" />
   <keyValuePair key="bram36" value="2" description="" />
   <keyValuePair key="bufg" value="0" description="" />
   <keyValuePair key="bufr" value="0" description="" />
   <keyValuePair key="congestion_level" value="0" description="" />
   <keyValuePair key="ctrls" value="74" description="" />
   <keyValuePair key="dsp" value="0" description="" />
   <keyValuePair key="effort" value="2" description="" />
   <keyValuePair key="estimated_expansions" value="782442" description="" />
   <keyValuePair key="ff" value="842" description="" />
   <keyValuePair key="global_clocks" value="5" description="" />
   <keyValuePair key="high_fanout_nets" value="1" description="" />
   <keyValuePair key="iob" value="24" description="" />
   <keyValuePair key="lut" value="602" description="" />
   <keyValuePair key="movable_instances" value="1721" description="" />
   <keyValuePair key="nets" value="2534" description="" />
   <keyValuePair key="pins" value="9301" description="" />
   <keyValuePair key="pll" value="0" description="" />
   <keyValuePair key="router_runtime" value="1.000000" description="" />
   <keyValuePair key="router_timing_driven" value="1" description="" />
   <keyValuePair key="threads" value="2" description="" />
   <keyValuePair key="timing_constraints_exist" value="1" description="" />
  </section>
 </section>
 <section name="synthesis" level="1" order="10" description="">
  <section name="command_line_options" level="2" order="1" description="">
   <keyValuePair key="-assert" value="default::[not_specified]" description="" />
   <keyValuePair key="-bufg" value="default::12" description="" />
   <keyValuePair key="-cascade_dsp" value="default::auto" description="" />
   <keyValuePair key="-constrset" value="default::[not_specified]" description="" />
   <keyValuePair key="-control_set_opt_threshold" value="default::auto" description="" />
   <keyValuePair key="-directive" value="default::default" description="" />
   <keyValuePair key="-fanout_limit" value="default::10000" description="" />
   <keyValuePair key="-flatten_hierarchy" value="default::rebuilt" description="" />
   <keyValuePair key="-fsm_extraction" value="default::auto" description="" />
   <keyValuePair key="-gated_clock_conversion" value="default::off" description="" />
   <keyValuePair key="-generic" value="default::[not_specified]" description="" />
   <keyValuePair key="-include_dirs" value="default::[not_specified]" description="" />
   <keyValuePair key="-keep_equivalent_registers" value="default::[not_specified]" description="" />
   <keyValuePair key="-max_bram" value="default::-1" description="" />
   <keyValuePair key="-max_bram_cascade_height" value="default::-1" description="" />
   <keyValuePair key="-max_dsp" value="default::-1" description="" />
   <keyValuePair key="-max_uram" value="default::-1" description="" />
   <keyValuePair key="-max_uram_cascade_height" value="default::-1" description="" />
   <keyValuePair key="-mode" value="default::default" description="" />
   <keyValuePair key="-name" value="default::[not_specified]" description="" />
   <keyValuePair key="-no_lc" value="default::[not_specified]" description="" />
   <keyValuePair key="-no_srlextract" value="default::[not_specified]" description="" />
   <keyValuePair key="-no_timing_driven" value="default::[not_specified]" description="" />
   <keyValuePair key="-part" value="xc7a100tcsg324-1" description="" />
   <keyValuePair key="-resource_sharing" value="default::auto" description="" />
   <keyValuePair key="-retiming" value="default::[not_specified]" description="" />
   <keyValuePair key="-rtl" value="default::[not_specified]" description="" />
   <keyValuePair key="-rtl_skip_constraints" value="default::[not_specified]" description="" />
   <keyValuePair key="-rtl_skip_ip" value="default::[not_specified]" description="" />
   <keyValuePair key="-seu_protect" value="default::none" description="" />
   <keyValuePair key="-sfcu" value="default::[not_specified]" description="" />
   <keyValuePair key="-shreg_min_size" value="default::3" description="" />
   <keyValuePair key="-top" value="master" description="" />
   <keyValuePair key="-verilog_define" value="default::[not_specified]" description="" />
  </section>
  <section name="usage" level="2" order="2" description="">
   <keyValuePair key="elapsed" value="00:00:57s" description="" />
   <keyValuePair key="hls_ip" value="0" description="" />
   <keyValuePair key="memory_gain" value="393.832MB" description="" />
   <keyValuePair key="memory_peak" value="661.391MB" description="" />
  </section>
 </section>
 <section name="unisim_transformation" level="1" order="11" description="">
  <section name="post_unisim_transformation" level="2" order="1" description="">
   <keyValuePair key="bufg" value="5" description="" />
   <keyValuePair key="carry4" value="46" description="" />
   <keyValuePair key="fdce" value="110" description="" />
   <keyValuePair key="fdpe" value="48" description="" />
   <keyValuePair key="fdre" value="745" description="" />
   <keyValuePair key="fdse" value="50" description="" />
   <keyValuePair key="gnd" value="65" description="" />
   <keyValuePair key="ibuf" value="8" description="" />
   <keyValuePair key="lut1" value="142" description="" />
   <keyValuePair key="lut2" value="128" description="" />
   <keyValuePair key="lut3" value="84" description="" />
   <keyValuePair key="lut4" value="243" description="" />
   <keyValuePair key="lut5" value="146" description="" />
   <keyValuePair key="lut6" value="175" description="" />
   <keyValuePair key="mmcme2_adv" value="1" description="" />
   <keyValuePair key="muxf7" value="1" description="" />
   <keyValuePair key="obuf" value="16" description="" />
   <keyValuePair key="obuft" value="1" description="" />
   <keyValuePair key="ramb36e1" value="2" description="" />
   <keyValuePair key="ramd32" value="12" description="" />
   <keyValuePair key="rams32" value="8" description="" />
   <keyValuePair key="srl16e" value="4" description="" />
   <keyValuePair key="vcc" value="74" description="" />
  </section>
  <section name="pre_unisim_transformation" level="2" order="2" description="">
   <keyValuePair key="bufg" value="5" description="" />
   <keyValuePair key="carry4" value="46" description="" />
   <keyValuePair key="fdce" value="110" description="" />
   <keyValuePair key="fdpe" value="48" description="" />
   <keyValuePair key="fdre" value="745" description="" />
   <keyValuePair key="fdse" value="50" description="" />
   <keyValuePair key="gnd" value="65" description="" />
   <keyValuePair key="ibuf" value="9" description="" />
   <keyValuePair key="iobuf" value="1" description="" />
   <keyValuePair key="lut1" value="142" description="" />
   <keyValuePair key="lut2" value="128" description="" />
   <keyValuePair key="lut3" value="84" description="" />
   <keyValuePair key="lut4" value="243" description="" />
   <keyValuePair key="lut5" value="146" description="" />
   <keyValuePair key="lut6" value="175" description="" />
   <keyValuePair key="mmcme2_adv" value="1" description="" />
   <keyValuePair key="muxf7" value="1" description="" />
   <keyValuePair key="obuf" value="16" description="" />
   <keyValuePair key="ram32m" value="2" description="" />
   <keyValuePair key="ram32x1s" value="4" description="" />
   <keyValuePair key="ramb36e1" value="2" description="" />
   <keyValuePair key="srl16e" value="4" description="" />
   <keyValuePair key="vcc" value="74" description="" />
  </section>
 </section>
 <section name="vivado_usage" level="1" order="12" description="">
  <section name="gui_resources" level="2" order="1" description="">
   <keyValuePair key="addresstreetablepanel_address_tree_table" value="33" description="" />
   <keyValuePair key="addsrcwizard_specify_hdl_netlist_block_design" value="1" description="" />
   <keyValuePair key="addsrcwizard_specify_simulation_specific_hdl_files" value="1" description="" />
   <keyValuePair key="basedialog_cancel" value="32" description="" />
   <keyValuePair key="basedialog_ok" value="36" description="" />
   <keyValuePair key="basedialogutils_open_in_new_tab" value="1" description="" />
   <keyValuePair key="checktimingsectionpanel_check_timing_selection_table" value="5" description="" />
   <keyValuePair key="cmdmsgdialog_messages" value="3" description="" />
   <keyValuePair key="cmdmsgdialog_ok" value="9" description="" />
   <keyValuePair key="constraintschooserpanel_add_files" value="1" description="" />
   <keyValuePair key="corebrowserview_view_product_guide_change_log_product" value="1" description="" />
   <keyValuePair key="coretreetablepanel_core_tree_table" value="29" description="" />
   <keyValuePair key="creatersbportdialog_create_vector" value="2" description="" />
   <keyValuePair key="creatersbportdialog_direction" value="2" description="" />
   <keyValuePair key="creatersbportdialog_port_name" value="1" description="" />
   <keyValuePair key="creatersbportdialog_type" value="1" description="" />
   <keyValuePair key="createsrcfiledialog_file_name" value="2" description="" />
   <keyValuePair key="customizecoredialog_documentation" value="1" description="" />
   <keyValuePair key="definemodulesdialog_define_modules_and_specify_io_ports" value="10" description="" />
   <keyValuePair key="expruntreepanel_exp_run_tree_table" value="3" description="" />
   <keyValuePair key="filesetpanel_file_set_panel_tree" value="103" description="" />
   <keyValuePair key="flownavigatortreepanel_flow_navigator_tree" value="28" description="" />
   <keyValuePair key="gettingstartedview_open_example_project" value="1" description="" />
   <keyValuePair key="hacgccoefiledialog_close" value="4" description="" />
   <keyValuePair key="hacgccoefiledialog_save" value="5" description="" />
   <keyValuePair key="hacgccoefiledialog_validate" value="1" description="" />
   <keyValuePair key="hacgccoefilewidget_edit" value="4" description="" />
   <keyValuePair key="hacgcipsymbol_show_disabled_ports" value="5" description="" />
   <keyValuePair key="hcodeeditor_search_text_combo_box" value="1" description="" />
   <keyValuePair key="mainmenumgr_edit" value="6" description="" />
   <keyValuePair key="mainmenumgr_export" value="2" description="" />
   <keyValuePair key="mainmenumgr_file" value="10" description="" />
   <keyValuePair key="mainmenumgr_open_recent_file" value="2" description="" />
   <keyValuePair key="mainmenumgr_open_recent_project" value="6" description="" />
   <keyValuePair key="mainmenumgr_report" value="1" description="" />
   <keyValuePair key="mainmenumgr_tools" value="4" description="" />
   <keyValuePair key="mainmenumgr_view" value="1" description="" />
   <keyValuePair key="mainmenumgr_window" value="6" description="" />
   <keyValuePair key="maintoolbarmgr_open" value="1" description="" />
   <keyValuePair key="maintoolbarmgr_run" value="2" description="" />
   <keyValuePair key="mainwinmenumgr_layout" value="6" description="" />
   <keyValuePair key="msgtreepanel_message_view_tree" value="17" description="" />
   <keyValuePair key="navigabletimingreporttab_timing_report_navigation_tree" value="5" description="" />
   <keyValuePair key="newprojectwizard_project_template_tree" value="12" description="" />
   <keyValuePair key="openexample_put_example_project_directory_here" value="3" description="" />
   <keyValuePair key="pacodeview_copy" value="3" description="" />
   <keyValuePair key="pacommandnames_add_sources" value="4" description="" />
   <keyValuePair key="pacommandnames_auto_assign_address" value="1" description="" />
   <keyValuePair key="pacommandnames_auto_connect_ports" value="11" description="" />
   <keyValuePair key="pacommandnames_auto_connect_target" value="1" description="" />
   <keyValuePair key="pacommandnames_auto_update_hier" value="10" description="" />
   <keyValuePair key="pacommandnames_collapse_all_rsb_block" value="1" description="" />
   <keyValuePair key="pacommandnames_customize_core" value="1" description="" />
   <keyValuePair key="pacommandnames_disconnect_rsb_pin" value="2" description="" />
   <keyValuePair key="pacommandnames_exclude_from_addr_space" value="1" description="" />
   <keyValuePair key="pacommandnames_ip_settings" value="1" description="" />
   <keyValuePair key="pacommandnames_make_connection" value="2" description="" />
   <keyValuePair key="pacommandnames_open_example" value="3" description="" />
   <keyValuePair key="pacommandnames_open_example_project" value="2" description="" />
   <keyValuePair key="pacommandnames_open_hardware_manager" value="1" description="" />
   <keyValuePair key="pacommandnames_run_synthesis" value="1" description="" />
   <keyValuePair key="pacommandnames_save_rsb_design" value="1" description="" />
   <keyValuePair key="pacommandnames_show_product_guide" value="1" description="" />
   <keyValuePair key="pacommandnames_show_product_guide_src" value="6" description="" />
   <keyValuePair key="pacommandnames_unmap_segment" value="2" description="" />
   <keyValuePair key="pacommandnames_validate_rsb_design" value="1" description="" />
   <keyValuePair key="pacommandnames_view_inst_templ" value="1" description="" />
   <keyValuePair key="pacommandnames_zoom_fit" value="1" description="" />
   <keyValuePair key="pacommandnames_zoom_in" value="1" description="" />
   <keyValuePair key="pacommandnames_zoom_out" value="18" description="" />
   <keyValuePair key="paviews_address_editor" value="1" description="" />
   <keyValuePair key="paviews_code" value="7" description="" />
   <keyValuePair key="paviews_device" value="1" description="" />
   <keyValuePair key="paviews_schematic" value="1" description="" />
   <keyValuePair key="paviews_system" value="1" description="" />
   <keyValuePair key="planaheadtab_refresh_changed_modules" value="3" description="" />
   <keyValuePair key="programdebugtab_open_target" value="1" description="" />
   <keyValuePair key="programdebugtab_program_device" value="1" description="" />
   <keyValuePair key="programfpgadialog_program" value="1" description="" />
   <keyValuePair key="progressdialog_background" value="1" description="" />
   <keyValuePair key="progressdialog_cancel" value="2" description="" />
   <keyValuePair key="propertiesview_previous_object" value="1" description="" />
   <keyValuePair key="rdicommands_copy" value="1" description="" />
   <keyValuePair key="rdicommands_custom_commands" value="1" description="" />
   <keyValuePair key="rdicommands_delete" value="9" description="" />
   <keyValuePair key="rdicommands_line_comment" value="11" description="" />
   <keyValuePair key="rdicommands_properties" value="4" description="" />
   <keyValuePair key="rdicommands_save_file" value="1" description="" />
   <keyValuePair key="rsbapplyautomationbar_run_connection_automation" value="1" description="" />
   <keyValuePair key="rsbexternalportproppanels_name" value="1" description="" />
   <keyValuePair key="rungadget_show_warning_and_error_messages_in_messages" value="1" description="" />
   <keyValuePair key="saveprojectutils_save" value="1" description="" />
   <keyValuePair key="schematicview_remove" value="3" description="" />
   <keyValuePair key="selectmenu_highlight" value="7" description="" />
   <keyValuePair key="settingsdialog_project_tree" value="1" description="" />
   <keyValuePair key="simpleoutputproductdialog_close_dialog_unsaved_changes_will" value="2" description="" />
   <keyValuePair key="simpleoutputproductdialog_generate_output_products_immediately" value="7" description="" />
   <keyValuePair key="srcchooserpanel_add_hdl_and_netlist_files_to_your_project" value="1" description="" />
   <keyValuePair key="srcchooserpanel_create_file" value="2" description="" />
   <keyValuePair key="srcmenu_ip_documentation" value="7" description="" />
   <keyValuePair key="srcmenu_ip_hierarchy" value="9" description="" />
   <keyValuePair key="syntheticagettingstartedview_recent_projects" value="4" description="" />
   <keyValuePair key="systembuildermenu_add_ip" value="2" description="" />
   <keyValuePair key="systembuildermenu_add_module" value="2" description="" />
   <keyValuePair key="systembuildermenu_assign_address" value="1" description="" />
   <keyValuePair key="systembuildermenu_create_hierarchy" value="2" description="" />
   <keyValuePair key="systembuildermenu_create_interface_port" value="1" description="" />
   <keyValuePair key="systembuildermenu_create_port" value="1" description="" />
   <keyValuePair key="systembuildermenu_ip_documentation" value="21" description="" />
   <keyValuePair key="systembuildermenu_run_block_automation" value="1" description="" />
   <keyValuePair key="systembuildermenu_show_driver_pin" value="1" description="" />
   <keyValuePair key="systembuilderview_add_ip" value="2" description="" />
   <keyValuePair key="systembuilderview_optimize_routing" value="4" description="" />
   <keyValuePair key="systembuilderview_orientation" value="16" description="" />
   <keyValuePair key="taskbanner_close" value="6" description="" />
   <keyValuePair key="tclconsoleview_copy" value="1" description="" />
   <keyValuePair key="tclconsoleview_tcl_console_code_editor" value="6" description="" />
   <keyValuePair key="tclobjecttreetable_treetable" value="5" description="" />
   <keyValuePair key="xpg_textfield_value_of_specified_parameter" value="2" description="" />
   <keyValuePair key="xpg_textfield_value_of_specified_parameter_manual" value="2" description="" />
  </section>
  <section name="java_command_handlers" level="2" order="2" description="">
   <keyValuePair key="addsources" value="4" description="" />
   <keyValuePair key="autoassignaddress" value="1" description="" />
   <keyValuePair key="autoconnectport" value="11" description="" />
   <keyValuePair key="autoconnecttarget" value="1" description="" />
   <keyValuePair key="closeproject" value="1" description="" />
   <keyValuePair key="coreview" value="3" description="" />
   <keyValuePair key="createblockdesign" value="1" description="" />
   <keyValuePair key="customizecore" value="3" description="" />
   <keyValuePair key="customizersbblock" value="31" description="" />
   <keyValuePair key="disconnectrsbpin" value="2" description="" />
   <keyValuePair key="editdelete" value="11" description="" />
   <keyValuePair key="editproperties" value="4" description="" />
   <keyValuePair key="excludefromaddrspace" value="1" description="" />
   <keyValuePair key="launchprogramfpga" value="1" description="" />
   <keyValuePair key="makersbconnection" value="2" description="" />
   <keyValuePair key="managecompositetargets" value="5" description="" />
   <keyValuePair key="openblockdesign" value="1" description="" />
   <keyValuePair key="openexample" value="3" description="" />
   <keyValuePair key="openexampleproject" value="2" description="" />
   <keyValuePair key="openhardwaremanager" value="1" description="" />
   <keyValuePair key="reporttimingsummary" value="1" description="" />
   <keyValuePair key="runbitgen" value="5" description="" />
   <keyValuePair key="runimplementation" value="1" description="" />
   <keyValuePair key="runschematic" value="1" description="" />
   <keyValuePair key="runsynthesis" value="2" description="" />
   <keyValuePair key="savefileproxyhandler" value="1" description="" />
   <keyValuePair key="saversbdesign" value="1" description="" />
   <keyValuePair key="showproductguide" value="7" description="" />
   <keyValuePair key="showview" value="3" description="" />
   <keyValuePair key="toolssettings" value="1" description="" />
   <keyValuePair key="unmapaddresssegment" value="2" description="" />
   <keyValuePair key="validatersbdesign" value="1" description="" />
   <keyValuePair key="viewinsttempl" value="1" description="" />
   <keyValuePair key="zoomfit" value="1" description="" />
   <keyValuePair key="zoomin" value="1" description="" />
   <keyValuePair key="zoomout" value="26" description="" />
  </section>
  <section name="other_data" level="2" order="3" description="">
   <keyValuePair key="guimode" value="6" description="" />
  </section>
  <section name="project_data" level="2" order="4" description="">
   <keyValuePair key="constraintsetcount" value="1" description="" />
   <keyValuePair key="core_container" value="false" description="" />
   <keyValuePair key="currentimplrun" value="impl_1" description="" />
   <keyValuePair key="currentsynthesisrun" value="synth_1" description="" />
   <keyValuePair key="default_library" value="xil_defaultlib" description="" />
   <keyValuePair key="designmode" value="RTL" description="" />
   <keyValuePair key="export_simulation_activehdl" value="6" description="" />
   <keyValuePair key="export_simulation_ies" value="6" description="" />
   <keyValuePair key="export_simulation_modelsim" value="6" description="" />
   <keyValuePair key="export_simulation_questa" value="6" description="" />
   <keyValuePair key="export_simulation_riviera" value="6" description="" />
   <keyValuePair key="export_simulation_vcs" value="6" description="" />
   <keyValuePair key="export_simulation_xsim" value="6" description="" />
   <keyValuePair key="implstrategy" value="Vivado Implementation Defaults" description="" />
   <keyValuePair key="launch_simulation_activehdl" value="0" description="" />
   <keyValuePair key="launch_simulation_ies" value="0" description="" />
   <keyValuePair key="launch_simulation_modelsim" value="0" description="" />
   <keyValuePair key="launch_simulation_questa" value="0" description="" />
   <keyValuePair key="launch_simulation_riviera" value="0" description="" />
   <keyValuePair key="launch_simulation_vcs" value="0" description="" />
   <keyValuePair key="launch_simulation_xsim" value="0" description="" />
   <keyValuePair key="simulator_language" value="Mixed" description="" />
   <keyValuePair key="srcsetcount" value="7" description="" />
   <keyValuePair key="synthesisstrategy" value="Vivado Synthesis Defaults" description="" />
   <keyValuePair key="target_language" value="Verilog" description="" />
   <keyValuePair key="target_simulator" value="XSim" description="" />
   <keyValuePair key="totalimplruns" value="5" description="" />
   <keyValuePair key="totalsynthesisruns" value="5" description="" />
  </section>
 </section>
</section>
</webTalkData>
