<?xml version="1.0" encoding="UTF-8"?>
<GenRun Id="synth_1" LaunchPart="xc7a100tcsg324-1" LaunchTime="1544687593">
  <File Type="RDS-PROPCONSTRS" Name="master_drc_synth.rpt"/>
  <File Type="PA-TCL" Name="master.tcl"/>
  <File Type="RDS-RDS" Name="master.vds"/>
  <File Type="RDS-UTIL" Name="master_utilization_synth.rpt"/>
  <File Type="RDS-UTIL-PB" Name="master_utilization_synth.pb"/>
  <File Type="RDS-DCP" Name="master.dcp"/>
  <File Type="VDS-TIMINGSUMMARY" Name="master_timing_summary_synth.rpt"/>
  <File Type="VDS-TIMING-PB" Name="master_timing_summary_synth.pb"/>
  <FileSet Name="sources" Type="DesignSrcs" RelSrcDir="$PSRCDIR/sources_1">
    <Filter Type="Srcs"/>
    <File Path="$PSRCDIR/sources_1/new/axi_reset_generator.v">
      <FileInfo>
        <Attr Name="ImportPath" Val="D:/remote_display/remote_display.srcs/sources_1/new/axi_reset_generator.v"/>
        <Attr Name="ImportTime" Val="1544627078"/>
        <Attr Name="UsedIn" Val="synthesis"/>
        <Attr Name="UsedIn" Val="implementation"/>
        <Attr Name="UsedIn" Val="simulation"/>
      </FileInfo>
    </File>
    <File Path="$PSRCDIR/sources_1/bd/design_1/design_1.bd">
      <FileInfo>
        <Attr Name="ImportPath" Val="D:/remote_display/remote_display.srcs/sources_1/bd/design_1/design_1.bd"/>
        <Attr Name="ImportTime" Val="1544687587"/>
        <Attr Name="UsedIn" Val="synthesis"/>
        <Attr Name="UsedIn" Val="implementation"/>
        <Attr Name="UsedIn" Val="simulation"/>
      </FileInfo>
    </File>
    <File Path="$PSRCDIR/sources_1/new/master.v">
      <FileInfo>
        <Attr Name="ImportPath" Val="D:/remote_display/remote_display.srcs/sources_1/new/master.v"/>
        <Attr Name="ImportTime" Val="1544686068"/>
        <Attr Name="UsedIn" Val="synthesis"/>
        <Attr Name="UsedIn" Val="implementation"/>
        <Attr Name="UsedIn" Val="simulation"/>
      </FileInfo>
    </File>
    <File Path="$PSRCDIR/sources_1/imports/coes/data.coe">
      <FileInfo>
        <Attr Name="ImportPath" Val="D:/remote_display/coes/data.coe"/>
        <Attr Name="ImportTime" Val="1544683696"/>
        <Attr Name="UsedIn" Val="synthesis"/>
        <Attr Name="UsedIn" Val="simulation"/>
      </FileInfo>
    </File>
    <File Path="$PSRCDIR/sources_1/imports/coes/addr.coe">
      <FileInfo>
        <Attr Name="ImportPath" Val="D:/remote_display/coes/addr.coe"/>
        <Attr Name="ImportTime" Val="1544683696"/>
        <Attr Name="UsedIn" Val="synthesis"/>
        <Attr Name="UsedIn" Val="simulation"/>
      </FileInfo>
    </File>
    <File Path="$PSRCDIR/sources_1/imports/coes/mask.coe">
      <FileInfo>
        <Attr Name="ImportPath" Val="D:/remote_display/coes/mask.coe"/>
        <Attr Name="ImportTime" Val="1544683696"/>
        <Attr Name="UsedIn" Val="synthesis"/>
        <Attr Name="UsedIn" Val="simulation"/>
      </FileInfo>
    </File>
    <File Path="$PSRCDIR/sources_1/imports/coes/ctrl.coe">
      <FileInfo>
        <Attr Name="ImportPath" Val="D:/remote_display/coes/ctrl.coe"/>
        <Attr Name="ImportTime" Val="1544683696"/>
        <Attr Name="UsedIn" Val="synthesis"/>
        <Attr Name="UsedIn" Val="simulation"/>
      </FileInfo>
    </File>
    <Config>
      <Option Name="DesignMode" Val="RTL"/>
      <Option Name="TopModule" Val="master"/>
      <Option Name="TopAutoSet" Val="TRUE"/>
    </Config>
  </FileSet>
  <FileSet Name="constrs_in" Type="Constrs" RelSrcDir="$PSRCDIR/constrs_1">
    <Filter Type="Constrs"/>
    <File Path="$PSRCDIR/constrs_1/imports/Dev Constraints/Nexys4DDR_Master.xdc">
      <FileInfo>
        <Attr Name="ImportPath" Val="D:/seq_detect/seq_detect.srcs/constrs_1/imports/Dev Constraints/Nexys4DDR_Master.xdc"/>
        <Attr Name="ImportTime" Val="1543565953"/>
        <Attr Name="UsedIn" Val="synthesis"/>
        <Attr Name="UsedIn" Val="implementation"/>
      </FileInfo>
    </File>
    <Config>
      <Option Name="ConstrsType" Val="XDC"/>
    </Config>
  </FileSet>
  <Strategy Version="1" Minor="2">
    <StratHandle Name="Vivado Synthesis Defaults" Flow="Vivado Synthesis 2017"/>
    <Step Id="synth_design"/>
  </Strategy>
  <BlockFileSet Type="BlockSrcs" Name="design_1_axi_ethernetlite_0_0"/>
  <BlockFileSet Type="BlockSrcs" Name="design_1_axi_traffic_gen_0_0"/>
  <BlockFileSet Type="BlockSrcs" Name="design_1_clk_wiz_0_0"/>
  <BlockFileSet Type="BlockSrcs" Name="design_1_axi_reset_generator_0_0"/>
</GenRun>
